{"cameraMode":{"drawMode":0,"name":"Shaded","section":"Shading Mode"},"sceneLighting":true,"audioPlay":false,"sceneViewState":{"m_AlwaysRefresh":false,"showFog":true,"showSkybox":true,"showFlares":true,"showImageEffects":true,"showParticleSystems":true,"showVisualEffectGraphs":true,"m_FxEnabled":true},"in2DMode":false,"pivot":{"x":-1.4058336019515992,"y":2.697892665863037,"z":-0.13488006591796876},"rotation":{"x":0.20142167806625367,"y":-0.0044166618026793,"z":0.0008956271922215819,"w":0.9795066714286804},"size":10.892574310302735,"orthographic":false}